-0.05589,-3.1521,-7.9958
-0.52775,-3.4979,-7.6536
-0.32581,-3.7939,-7.0536
0.14518,-3.6224,-7.4941
-1.8893,-2.4706,-8.0001
-1.865,-3.009,-7.6493
-1.1918,-3.341,-7.6376
-0.6936,-2.9206,-7.9837
-1.3148,-2.8684,-7.9955
-0.14042,-2.6406,-7.6222
0.58703,-3.3036,-7.8871
0.52027,-2.7501,-7.8397
1.1923,-2.8329,-7.9992
1.1766,-3.325,-7.6705
1.8324,-2.6551,-7.9742
1.7805,-3.1118,-7.5709
2.3791,-2.7404,-7.4865
-1.6845,-2.649,-7.9973
-2.9291,-1.9938,-7.6442
-2.4489,-2.5482,-7.659
-2.366,-1.9897,-8.0001
-1.2492,-2.3987,-7.718
-1.286,-2.0622,-7.1585
-0.71785,-2.434,-7.4165
0.37575,-2.4316,-7.2363
0.98833,-2.3882,-7.5131
2.2775,-2.2133,-7.9906
1.572,-2.2307,-7.7531
2.8111,-2.2144,-7.583
2.5887,-1.6441,-7.9983
3.1584,-1.665,-7.5976
-2.998,-0.89912,-7.9987
-3.3004,-1.3923,-7.5766
-3.2973,-1.878,-7.0909
-2.7408,-1.449,-8.0002
-2.1898,-1.4477,-7.5886
2.0003,-1.732,-7.625
2.9177,-1.128,-7.999
2.2922,-1.1689,-7.4901
3.4016,-1.0458,-7.6177
-3.2277,-0.3575,-7.9633
-3.5349,-0.77395,-7.5073
-2.4686,-0.87679,-7.5789
-2.6632,-0.28477,-7.6782
3.123,-0.4041,-7.9965
2.6271,-0.70232,-7.7391
3.5636,-0.48006,-7.5513
-3.1286,0.21749,-7.9981
-3.6284,-0.07077,-7.4863
-2.6344,0.42022,-7.6611
3.048,0.32242,-7.9984
2.652,-0.03728,-7.6356
3.5251,0.13196,-7.6697
-2.9534,0.91658,-8.0002
-3.452,0.66319,-7.6891
-2.4229,1.034,-7.6049
2.8894,1.0552,-7.9993
2.5547,0.62923,-7.5992
3.3782,0.81406,-7.7482
-3.5976,1.1331,-7.153
-2.0503,1.2575,-7.0901
-3.2528,1.3796,-7.6605
-2.7123,1.5564,-7.9991
-2.135,1.625,-7.6856
2.2973,2.1605,-7.9956
1.9882,1.7739,-7.6559
2.3044,1.2336,-7.5682
2.6582,1.6312,-7.9996
3.2259,1.5511,-7.5812
-2.398,2.1491,-7.9766
-2.9607,2.0378,-7.554
-1.8062,2.2218,-7.9026
-1.3908,2.7786,-8.0002
-1.2804,2.254,-7.5278
1.0509,2.523,-7.7585
0.90627,2.2735,-7.2033
1.5078,2.0604,-7.4494
1.7628,2.469,-7.9925
2.8592,2.1411,-7.5947
2.3763,2.6613,-7.602
-2.5732,2.565,-7.478
-2.0254,2.7807,-7.7948
-0.75682,2.6327,-7.767
-1.5388,3.2538,-7.5446
-0.86643,3.1902,-7.9278
-0.17197,3.0324,-7.9936
-0.23439,2.5397,-7.4438
0.56207,3.0263,-7.9997
0.36978,2.622,-7.6284
0.92246,3.3686,-7.7228
1.3388,2.9517,-7.9672
1.8805,3.0598,-7.5592
-1.0678,3.5419,-7.334
-0.42626,3.5576,-7.5748
0.21989,3.504,-7.6956
-0.98838,-3.6538,-7.117
-1.451,-3.6704,-6.6035
-0.81556,-3.887,-6.5111
-0.14601,-3.9846,-6.4505
0.3765,-3.8595,-6.8407
0.78638,-3.6542,-7.2411
1.4136,-3.5224,-7.0885
1.0864,-3.809,-6.5514
1.7622,-3.5479,-6.5492
-2.3121,-2.9735,-7.1669
-2.6795,-2.887,-6.6324
-2.1003,-3.3299,-6.6393
-1.6735,-3.3797,-7.1543
2.047,-3.2279,-7.0119
2.5054,-2.9695,-6.8166
-2.8601,-2.4591,-7.1529
-3.5182,-1.8479,-6.502
-3.147,-2.3978,-6.5681
-1.7781,-1.9554,-7.6199
-0.81106,-2.1433,-6.7392
-1.3696,-1.7692,-6.5448
-0.22737,-2.3521,-6.9682
0.30098,-2.2229,-6.5667
1.4609,-1.9576,-7.1909
0.89333,-2.1557,-6.8766
2.8913,-2.5165,-6.9798
3.259,-1.9963,-7.0131
-3.6363,-1.2323,-6.9607
-2.1204,-1.0587,-6.9888
-1.7747,-1.5945,-7.035
1.3716,-1.773,-6.5608
1.8608,-1.4752,-7.0024
1.7477,-1.3047,-6.3231
3.7405,-0.82302,-6.989
3.5431,-1.4125,-7.0351
3.8406,-1.1278,-6.389
-3.809,-0.53487,-6.9395
-2.3268,-0.47355,-7.0022
-2.1068,-0.61971,-6.3843
2.1142,-0.93186,-6.8023
2.3889,-0.49222,-7.1815
3.8073,-0.15245,-7.0463
3.9625,-0.4562,-6.4451
-3.9017,0.070541,-6.7594
-2.4303,0.06961,-7.1611
-2.226,0.103,-6.5107
2.3881,0.2044,-7.0666
3.7345,0.48839,-7.1677
3.9574,0.23231,-6.539
-3.7313,0.4819,-7.1783
-2.2966,0.64244,-7.032
-2.052,0.85236,-6.4864
2.1806,0.38625,-6.4578
3.5642,1.0998,-7.2606
3.8344,0.90114,-6.6323
-3.3542,1.7617,-7.1074
-3.7008,1.419,-6.5417
-1.6934,1.8079,-7.2776
-1.7142,1.4601,-6.5984
-1.2823,1.9294,-6.8226
1.8681,1.4771,-7.0227
2.2134,0.86577,-7.0086
3.2356,2.015,-7.0423
3.5699,1.5062,-6.8509
-3.4395,1.9841,-6.5143
-3.0435,2.3723,-6.901
-0.80003,2.2822,-7.1263
-0.81068,2.0486,-6.4128
-0.29279,2.2796,-6.7618
0.24345,2.1801,-6.3746
0.29882,2.3643,-7.0272
0.79664,2.0964,-6.5647
1.3605,1.8726,-6.8161
2.805,2.571,-7.0617
3.1525,2.4221,-6.4962
-2.5975,2.8425,-6.9268
-2.0894,3.1098,-7.2191
-2.265,3.2546,-6.5355
1.3954,3.4212,-7.3445
2.329,3.0356,-7.0006
1.8248,3.4107,-6.8715
2.7253,2.9169,-6.4321
-1.6902,3.4971,-6.8202
-0.53275,3.8108,-6.9352
0.080232,3.7927,-7.094
0.7209,3.6821,-7.2051
1.2017,3.7184,-6.7411
-1.8605,-3.6238,-6.0863
-2.2329,-3.5258,-5.5882
-1.2759,-3.8986,-5.9533
-0.60865,-4.067,-5.9037
-0.0028448,-4.1284,-5.8242
0.53767,-4.0094,-6.2115
1.0826,-3.9814,-5.8363
1.6638,-3.7339,-6.0207
-2.9778,-2.807,-5.9997
-2.4834,-3.2279,-6.0901
2.3072,-3.3127,-6.2473
2.7615,-3.101,-5.7009
2.8558,-2.8335,-6.3062
3.2253,-2.5898,-5.7836
-3.746,-1.7517,-5.789
-3.4161,-2.269,-5.9584
-0.90377,-1.9205,-6.0684
-0.30864,-2.1511,-6.2904
-0.37496,-1.9969,-5.6166
0.23725,-2.0707,-5.8869
0.82874,-1.9875,-6.2059
3.2725,-2.3022,-6.3955
-3.7864,-1.3474,-6.323
-1.8234,-1.2348,-6.4086
-1.4412,-1.5205,-5.9388
-0.95024,-1.7529,-5.4041
1.2989,-1.6299,-5.8865
1.6761,-1.1534,-5.6318
3.6053,-1.7173,-6.4263
3.8935,-1.409,-5.7619
-4.039,-0.2021,-6.217
-4.125,-0.5569,-5.6478
-3.9337,-0.78796,-6.3524
-1.8373,-0.93605,-5.7756
1.9984,-0.74952,-6.1218
1.9131,-0.58352,-5.44
4.0592,-0.74126,-5.8342
-4.0454,0.44431,-6.1035
-4.1811,0.067027,-5.5429
-2.0744,-0.21149,-5.8913
2.0905,-0.11842,-5.9336
2.2276,-0.27782,-6.5728
4.109,-0.048004,-5.9183
-3.8699,0.77858,-6.6011
-4.133,0.71702,-5.4694
-2.0427,0.4953,-5.972
1.9586,1.0079,-6.411
1.7602,1.0575,-5.7315
2.0073,0.51455,-5.8273
4.0369,0.63527,-6.0265
-3.9331,1.1414,-5.9851
-3.6948,1.8038,-5.9071
-1.7379,1.1745,-5.9512
-1.3156,1.681,-6.1234
1.5923,1.4962,-6.3392
1.0563,1.8465,-6.0904
1.4006,1.4858,-5.6706
3.5465,1.8688,-6.3649
3.8356,1.3315,-6.1467
-3.2728,2.4027,-6.1467
-3.4603,2.3599,-5.5051
-0.82566,1.8793,-5.7275
-0.26346,2.1012,-6.0461
0.46503,2.0162,-5.8117
3.4472,2.2414,-5.9058
3.7761,1.7632,-5.6207
-3.0265,2.8504,-5.6741
-2.8393,2.8372,-6.3439
-2.5214,3.2524,-5.8891
2.2357,3.3366,-6.3337
3.0752,2.7497,-5.8398
2.6348,3.1927,-5.7675
-1.9435,3.5817,-6.0797
-1.3888,3.8134,-6.1543
-1.1387,3.7409,-6.7325
-0.093381,3.9927,-6.425
-0.72295,3.9707,-6.2516
0.55125,3.9136,-6.5837
1.6414,3.689,-6.2443
1.0136,3.944,-6.0926
2.0563,3.6025,-5.7236
-0.30681,4.1335,-5.7399
0.35807,4.0915,-5.9289
-2.3075,-3.5949,-4.9946
-1.6968,-3.8498,-5.3975
-0.94996,-4.1004,-5.3866
-0.26183,-4.2269,-5.2304
0.48986,-4.1616,-5.4941
1.0256,-4.1246,-5.1352
1.619,-3.8879,-5.3722
2.1937,-3.5418,-5.6277
2.1091,-3.7235,-4.9439
-3.2736,-2.6344,-5.4278
-3.527,-2.4805,-4.7142
-3.1188,-2.9355,-4.9187
-2.7631,-3.17,-5.4093
2.6322,-3.3399,-5.1208
3.1824,-2.817,-5.1359
-3.6548,-2.1314,-5.2557
0.15231,-1.9538,-5.1984
0.76114,-1.8646,-5.5187
3.6226,-1.9785,-5.8276
3.5649,-2.2643,-5.3024
3.9043,-1.6868,-5.1169
-3.9916,-1.1498,-5.6929
-4.166,-0.91575,-5.0363
-3.9578,-1.5534,-5.1254
-1.432,-1.3741,-5.3493
-0.48581,-1.8559,-4.9288
-1.0945,-1.5405,-4.7264
0.10882,-1.8605,-4.5308
0.71632,-1.7659,-4.8403
1.249,-1.5116,-5.2054
1.6219,-1.0266,-4.9361
4.1156,-1.0082,-5.2167
-4.266,-0.3049,-4.9602
-1.9163,-0.4944,-5.3161
-1.6355,-1.0238,-5.0032
1.8435,-0.44665,-4.7782
4.2126,-0.30946,-5.2979
-4.273,0.34532,-4.8919
-1.9065,-0.020795,-4.8471
1.9717,0.065683,-5.2785
1.8652,0.20479,-4.6277
4.1915,0.38079,-5.3883
-4.1712,1.0217,-4.8388
-1.9727,0.24608,-5.3694
1.8197,0.70511,-5.1469
4.0419,1.0605,-5.5592
-3.9862,1.3663,-5.3581
-3.7888,1.8929,-5.2287
-1.7995,0.85798,-5.4022
-1.3346,1.4894,-5.4387
0.95862,1.7404,-5.3635
1.4619,1.2649,-5.0279
4.0124,1.4311,-5.0723
-3.6449,2.2879,-4.7758
-0.76116,1.7881,-5.0943
-0.17332,1.9929,-5.4418
0.40435,1.9082,-5.1407
3.4707,2.4021,-5.3163
3.8027,1.97,-4.9208
-3.2363,2.7849,-5.0092
-2.7424,3.2319,-5.208
2.4582,3.4528,-5.209
3.0485,2.9523,-5.1758
-2.1941,3.5904,-5.3944
-1.6027,3.8715,-5.4951
-0.97335,4.053,-5.6165
-1.1886,4.1093,-4.9546
0.81912,4.1209,-5.4302
1.4582,3.9102,-5.5891
1.8908,3.818,-5.0689
-0.55185,4.224,-5.0731
0.15146,4.2254,-5.2728
0.62193,4.2592,-4.7688
-0.21148,-4.3323,-4.5215
-0.7753,-4.2405,-4.7223
-0.79841,-4.323,-4.027
0.34779,-4.2751,-4.8757
0.3365,-4.3694,-4.1508
0.89473,-4.2504,-4.4737
-2.7592,-3.3269,-4.6379
-2.8547,-3.3556,-3.9387
-2.3542,-3.6829,-4.2483
-1.8863,-3.8882,-4.6426
-1.3624,-4.06,-4.9222
1.5305,-4.0343,-4.6927
1.9937,-3.8897,-4.2498
2.5011,-3.5619,-4.4036
-3.6763,-2.4097,-4.031
-3.2518,-2.9183,-4.2635
2.9484,-3.1656,-4.6097
3.3516,-2.7741,-4.4165
-3.8653,-1.9543,-4.5698
3.6459,-2.2976,-4.7322
3.9648,-1.7932,-4.4102
-4.3084,-0.6734,-4.3349
-4.1425,-1.2969,-4.4955
-1.0274,-1.478,-3.9926
-0.52606,-1.7558,-4.2819
0.072479,-1.7855,-3.8689
0.69464,-1.681,-4.1616
1.2147,-1.4116,-4.5201
1.5812,-0.91559,-4.2333
4.1631,-1.1811,-4.5991
-4.3647,-0.076013,-4.2967
-1.7828,-0.57114,-4.5951
-1.4607,-1.1198,-4.3461
1.7834,-0.3413,-4.1344
4.2863,-0.51191,-4.6787
-4.3263,0.60059,-4.2756
-1.824,0.052997,-4.2132
1.7668,0.34352,-3.9911
4.3064,0.14959,-4.7355
-4.2173,1.1786,-4.1805
-1.5422,1.1432,-4.9377
-1.7887,0.59219,-4.6863
-1.4837,1.0726,-4.2649
1.6576,0.8401,-4.4888
4.208,0.82193,-4.8879
-3.994,1.658,-4.6209
-4.1051,1.6255,-3.8468
-1.1251,1.5098,-4.6768
-1.058,1.45,-3.9452
-0.61311,1.7351,-4.3431
0.97387,1.617,-4.7114
1.2795,1.3125,-4.2828
4.1188,1.3891,-4.4489
-3.8304,2.1312,-4.141
-3.4189,2.7069,-4.3341
-0.17738,1.8872,-4.7684
0.44175,1.8068,-4.5025
3.4641,2.5704,-4.7018
3.8264,2.0958,-4.3182
-2.9426,3.1852,-4.5299
-2.4325,3.5614,-4.7078
2.7664,3.3079,-4.712
3.1502,3.0074,-4.3799
-2.1194,3.8296,-4.1981
-1.8458,3.8756,-4.8512
-1.4519,4.1102,-4.3481
1.2793,4.0861,-4.928
2.2689,3.6959,-4.5271
1.7194,4,-4.3908
-0.77399,4.2876,-4.3661
-0.072727,4.3202,-4.6484
0.43397,4.3639,-4.1234
1.1107,4.2249,-4.2701
-1.351,-4.1541,-4.2718
-1.273,-4.2564,-3.5667
-0.64411,-4.4219,-3.2752
-0.26265,-4.4079,-3.8421
0.14011,-4.4529,-3.4304
0.7968,-4.3559,-3.718
-2.9039,-3.3976,-3.2636
-2.3935,-3.7426,-3.569
-1.8522,-4.0005,-3.9114
1.3591,-4.1808,-4.0271
1.8532,-4.029,-3.6505
2.4643,-3.6813,-3.6998
-3.6708,-2.5484,-3.2741
-3.3236,-2.9399,-3.6239
2.9493,-3.272,-3.9438
3.382,-2.8522,-3.759
-4.057,-1.6991,-4.006
-4.2078,-1.4895,-3.3324
-3.933,-2.0684,-3.5557
3.7275,-2.3271,-4.0437
4.025,-1.8585,-3.665
-4.2931,-1.0465,-3.8118
-1.0504,-1.3746,-3.2588
-0.52466,-1.6778,-3.5735
0.04654,-1.7232,-3.1838
0.66041,-1.6214,-3.4964
1.2081,-1.3113,-3.83
1.1648,-1.2693,-3.1701
4.2049,-1.3111,-3.9486
-4.4222,-0.38528,-3.6066
-1.7109,-0.55019,-3.9658
-1.4221,-1.0455,-3.6495
1.5714,-0.77471,-3.5097
1.75,-0.14043,-3.5489
4.3445,-0.64138,-4.0682
4.3698,-0.842,-3.4858
4.4543,-0.22765,-3.3737
-4.4172,0.28025,-3.7394
-1.7532,0.046697,-3.5299
1.665,0.46727,-3.2508
4.3912,-0.0059468,-4.0713
4.4172,0.46641,-3.5768
-4.3475,0.92046,-3.5542
-1.6917,0.59156,-3.9187
-1.4173,1.0333,-3.5316
1.5459,0.87511,-3.7656
4.282,1.1076,-3.7706
4.3164,0.68124,-4.2586
-4.2168,1.4932,-3.2171
-0.95322,1.4435,-3.2565
-0.4758,1.7,-3.6518
0.72524,1.6417,-3.9428
0.23042,1.7307,-3.4429
0.81126,1.5204,-3.1773
1.1707,1.3162,-3.6124
4.0731,1.6906,-3.8972
-3.9379,2.0911,-3.3897
-3.6061,2.5728,-3.7009
0.011829,1.8074,-4.0599
3.5291,2.6278,-3.9915
3.8485,2.215,-3.5909
-3.1337,3.1047,-3.885
-2.6339,3.5266,-3.9757
2.698,3.468,-4.0476
3.134,3.1327,-3.6873
3.5308,2.7359,-3.2964
-2.3162,3.8072,-3.4157
-1.7913,4.0453,-3.7588
-1.6737,4.1513,-3.1851
1.5837,4.1343,-3.7274
2.1642,3.8494,-3.8387
2.6372,3.5948,-3.3929
-1.1635,4.2695,-3.7482
-0.56521,4.4041,-3.5928
-0.19567,4.3909,-4.035
0.17014,4.4512,-3.4383
0.88302,4.345,-3.6605
-1.2902,-4.3079,-2.9137
-0.74026,-4.4592,-2.5738
-0.090986,-4.5016,-2.8378
0.64857,-4.4395,-3.0511
1.1005,-4.3826,-2.5987
1.3175,-4.2682,-3.2949
1.6767,-4.1854,-2.7473
-2.9261,-3.4458,-2.5693
-2.4264,-3.7872,-2.902
-1.8639,-4.0646,-3.2386
2.0588,-3.9805,-3.1177
2.551,-3.6941,-3.0156
-3.7355,-2.5434,-2.5902
-3.3351,-3.0163,-2.9167
2.9911,-3.3209,-3.2659
3.4479,-2.8599,-3.1407
-4.2811,-1.4323,-2.6653
-4.0182,-2.0198,-2.9096
3.7782,-2.3727,-3.3585
4.0377,-1.9832,-2.8933
-4.3949,-0.87687,-3.1168
-1.1186,-1.2524,-2.5663
-0.56666,-1.6026,-2.8716
-0.018352,-1.6747,-2.4966
0.61109,-1.582,-2.8159
1.0928,-1.2682,-2.4843
4.2375,-1.4348,-3.2122
-4.4936,-0.29627,-2.8247
-1.6619,-0.49472,-3.3057
-1.4591,-0.88054,-2.9304
1.4902,-0.80608,-2.7929
1.6948,-0.19976,-2.9613
4.4172,-0.86241,-2.8634
4.5069,-0.28816,-2.6383
-4.4723,0.23601,-3.154
-1.688,-0.12785,-2.772
1.6271,0.42059,-2.5873
4.4825,0.33652,-2.9392
-4.4257,0.81427,-2.8726
-1.6451,0.50506,-3.1476
-1.3438,1.0381,-2.8466
1.3667,1.0303,-3.0283
4.3574,1.0492,-3.111
4.4332,0.89672,-2.5309
-4.3097,1.3478,-2.6465
-0.84497,1.4535,-2.5989
-0.22925,1.6492,-2.3315
-0.32724,1.6786,-3.0106
0.30152,1.6641,-2.7488
0.91025,1.4085,-2.5328
4.1524,1.6551,-3.2572
4.2002,1.6627,-2.6195
-4.0341,2.0216,-2.6951
-3.6942,2.5574,-2.9667
3.9012,2.2341,-2.9326
-3.3286,2.9811,-3.2775
-2.8697,3.4228,-3.2986
3.1133,3.2339,-3.0212
3.542,2.8008,-2.6459
-2.6811,3.625,-2.7476
-2.1581,3.9585,-2.751
1.3749,4.2619,-3.1587
2.0741,3.9692,-3.1544
2.6285,3.6637,-2.7436
-1.477,4.2714,-2.5857
-1.02,4.3678,-3.0687
-0.36425,4.4792,-2.9547
0.26153,4.504,-2.7061
0.75142,4.4237,-3.0452
-1.3654,-4.3303,-2.2323
-0.82633,-4.4832,-1.865
-0.20685,-4.5399,-2.154
0.44408,-4.5088,-2.4045
1.0143,-4.4399,-1.9605
1.6592,-4.2327,-2.1218
-2.9724,-3.4551,-1.8864
-2.4614,-3.8162,-2.2189
-1.9026,-4.1005,-2.5721
2.2367,-3.9411,-2.3898
2.6232,-3.7264,-1.8998
2.8316,-3.5286,-2.5102
3.1833,-3.2566,-1.9672
-3.7861,-2.5346,-1.9207
-3.3853,-3.0253,-2.239
3.2866,-3.0995,-2.6157
-4.3251,-1.4227,-1.9859
-4.0749,-1.9988,-2.2627
3.7498,-2.5173,-2.6341
4.028,-2.1039,-2.1587
-4.4512,-0.84656,-2.3985
-1.205,-1.1172,-1.9084
-0.67026,-1.5159,-2.1951
-0.16226,-1.6318,-1.8332
0.52411,-1.5684,-2.122
1.0251,-1.2793,-1.8226
4.2693,-1.4971,-2.5113
4.2956,-1.5294,-1.8416
4.4485,-0.91637,-2.2051
-4.5409,-0.25583,-2.0871
-1.526,-0.66515,-2.3256
-1.526,-0.57627,-1.6244
1.4308,-0.82196,-2.0518
1.6415,-0.27952,-2.3339
4.5435,-0.34505,-1.9111
-4.5179,0.31702,-2.433
-1.597,0.49928,-2.4711
-1.6501,-0.052353,-2.0692
1.6333,0.18287,-1.9159
4.5323,0.26125,-2.2428
-4.4521,0.92886,-2.0896
-1.2737,1.0597,-2.1845
-1.1938,1.1048,-1.5023
1.3386,0.9957,-2.3884
1.0011,1.2973,-1.8081
1.4735,0.72454,-1.8828
4.4942,0.77615,-1.8193
-4.2479,1.6156,-2.152
-0.76585,1.4555,-1.9395
-0.12855,1.6281,-1.6746
0.43523,1.5928,-2.0741
4.1421,1.9006,-1.8948
4.3444,1.3414,-2.112
-4.0203,2.1388,-1.9696
-3.7094,2.6079,-2.3403
3.9026,2.3132,-2.3008
-3.2671,3.1144,-2.6744
-3.3921,3.0394,-1.953
3.1162,3.2926,-2.3571
3.5359,2.8686,-1.9837
-2.9552,3.4478,-2.2216
-2.4659,3.825,-2.0301
-1.9273,4.1141,-2.1817
1.6477,4.2037,-2.6544
2.6675,3.6872,-2.0307
2.1747,3.9745,-2.4055
-1.3427,4.3547,-1.9022
-0.85856,4.4502,-2.3776
-0.26678,4.5303,-2.2747
0.46573,4.5236,-2.098
1.0246,4.4099,-2.4594
1.6059,4.2584,-2.0259
-1.9593,-4.1151,-1.8872
-2.0167,-4.1155,-1.2011
-1.4304,-4.3425,-1.5379
-0.88195,-4.4986,-1.159
-0.27711,-4.5666,-1.456
0.34604,-4.5508,-1.7431
0.87676,-4.4946,-1.3259
1.548,-4.304,-1.4854
-3.4293,-3.0222,-1.5671
-2.5146,-3.8188,-1.5285
2.1148,-4.0495,-1.6337
2.5026,-3.8408,-1.1594
2.9753,-3.4769,-1.421
-3.8214,-2.5274,-1.2502
-3.4617,-3.015,-0.89374
3.6009,-2.7794,-2.0718
3.4402,-3.0222,-1.3302
3.8176,-2.51,-1.6216
-4.3554,-1.4167,-1.3032
-4.1127,-1.9919,-1.6012
4.1056,-2.0221,-1.4107
-4.4893,-0.83379,-1.6918
-1.2458,-1.031,-1.2075
-0.75946,-1.4386,-1.5067
-0.22771,-1.5984,-1.1136
0.33908,-1.5897,-1.4717
0.82372,-1.3943,-1.2869
4.3344,-1.4959,-1.1181
4.4735,-0.94744,-1.518
-4.5717,-0.24052,-1.3662
-1.6215,0.037361,-1.3671
1.3503,-0.89511,-1.3076
1.5923,-0.3462,-1.5815
4.5681,-0.37642,-1.1816
-4.5516,0.34567,-1.7249
-1.5354,0.56938,-1.7826
-1.4754,0.65383,-1.0861
1.5883,0.306,-1.2217
4.5684,0.20106,-1.5156
-4.4853,0.91852,-1.3534
-1.104,1.1685,-0.80672
0.94886,1.3034,-1.0247
1.334,0.92142,-1.345
4.5137,0.80394,-1.1382
-4.3178,1.4976,-1.59
-0.67157,1.4736,-1.2854
-0.04549,1.6109,-0.99617
0.49773,1.5443,-1.3856
4.1437,1.9584,-1.1945
4.3621,1.379,-1.4572
-4.0911,2.0603,-1.2833
-3.7577,2.6005,-1.598
3.8618,2.4437,-1.5915
-3.404,3.0665,-1.2507
3.1224,3.3335,-1.6589
3.5116,2.9416,-1.2726
-2.9587,3.4836,-1.5801
-2.4877,3.8456,-1.2993
-1.9494,4.1348,-1.559
2.1543,4.0253,-1.7042
2.651,3.7337,-1.3313
-1.368,4.3726,-1.2485
-0.74377,4.5074,-1.6355
-0.092315,4.5643,-1.7118
0.47246,4.5529,-1.3866
1.0419,4.4435,-1.7424
1.6052,4.288,-1.3467
-2.0642,-4.1073,-0.52235
-1.4804,-4.3464,-0.84864
-0.91808,-4.5049,-0.46013
-0.32343,-4.5821,-0.74659
0.27187,-4.5791,-1.0437
0.82771,-4.5202,-0.6313
1.3949,-4.3732,-0.90925
-3.0158,-3.4509,-1.1999
-2.5625,-3.8105,-0.82667
1.986,-4.1395,-0.86533
2.5196,-3.8453,-0.48509
3.0197,-3.4597,-0.81658
-3.8462,-2.5162,-0.57833
-3.484,-3.0027,-0.22298
3.4436,-3.0433,-0.60515
3.8048,-2.5657,-0.96561
-4.3738,-1.4105,-0.61609
-4.139,-1.9837,-0.93142
4.1089,-2.0551,-0.70511
-4.5131,-0.8283,-0.98884
-1.2898,-0.95166,-0.50433
-0.82271,-1.3812,-0.81306
-0.2822,-1.5771,-0.43862
0.36274,-1.5647,-0.73244
1.0081,-1.2516,-0.78477
4.342,-1.5125,-0.42084
4.4958,-0.93774,-0.79542
-4.5887,-0.24214,-0.64627
-1.5379,-0.47521,-0.90868
1.3648,-0.84196,-0.56544
1.5768,-0.32405,-0.91514
4.584,-0.35179,-0.46602
-4.5754,0.3433,-1.0013
-1.598,0.15193,-0.67134
1.588,0.21836,-0.51231
4.5868,0.22225,-0.81553
-4.5016,0.92378,-0.62963
-1.3905,0.79498,-0.39159
0.98477,1.2624,-0.31774
1.3787,0.82339,-0.71342
4.5203,0.83888,-0.46081
-4.3385,1.4985,-0.92499
-0.58378,1.4946,-0.62863
-0.12356,1.5959,-0.25036
0.4616,1.5365,-0.61299
4.1421,1.994,-0.50332
4.369,1.4155,-0.79685
-4.1105,2.0561,-0.58209
-3.7974,2.5787,-0.91445
3.8539,2.4946,-0.88596
-3.4354,3.0535,-0.56397
3.0954,3.3884,-0.95063
3.4938,2.9864,-0.56685
-2.9838,3.4884,-0.90364
-2.5126,3.8483,-0.59207
-1.9677,4.1473,-0.90233
2.1372,4.0602,-0.9975
2.6241,3.7726,-0.62225
-1.4168,4.3724,-0.566
-0.81305,4.5178,-0.90624
-0.20074,4.5813,-1.1014
0.39766,4.5766,-0.7239
1.031,4.4702,-1.0297
1.5807,4.3146,-0.65248
-2.1,-4.0925,0.13497
-1.5136,-4.3435,-0.17155
-0.9111,-4.5083,0.21917
-0.32794,-4.5883,-0.043828
0.25322,-4.5917,-0.33829
0.87578,-4.5159,0.02693
1.4715,-4.3571,-0.31171
-3.0474,-3.4418,-0.50496
-2.6008,-3.794,-0.10646
2.0246,-4.1303,-0.12081
2.5385,-3.8355,0.22012
3.012,-3.4764,-0.16034
-3.8636,-2.4964,0.094754
-3.5044,-2.9764,0.43701
3.4419,-3.0517,0.10295
3.8098,-2.5762,-0.28038
-4.3794,-1.4073,0.07916
-4.1553,-1.9715,-0.25475
4.1107,-2.0645,0.0023265
-4.5237,-0.82941,-0.28229
-1.3377,-0.87842,0.19875
-0.88388,-1.3338,-0.12875
-0.35522,-1.5607,0.2387
0.27145,-1.5767,-0.029407
0.85751,-1.3514,-0.22517
4.3444,-1.5096,0.25754
4.5047,-0.93095,-0.093508
-4.5933,-0.24751,0.070093
-1.5529,-0.38667,-0.18781
1.2813,-0.95831,0.1096
1.5572,-0.36869,-0.17644
4.5876,-0.32927,0.23124
-4.5863,0.34324,-0.28193
-1.5822,0.23748,-0.022355
1.5935,0.14925,0.2209
4.5926,0.25721,-0.1212
-4.5056,0.92693,0.086925
-1.3168,0.9097,0.21904
1.0988,1.1644,0.30972
1.4233,0.73079,-0.065232
4.5151,0.87659,0.21936
-4.3478,1.5002,-0.23544
-0.88483,1.3332,-0.10186
-0.32744,1.5673,0.3245
0.44034,1.5383,0.10478
4.1324,2.0199,0.18559
4.366,1.4479,-0.12656
-4.117,2.0516,0.12167
-3.8134,2.5716,-0.21958
3.8423,2.5285,-0.18794
-3.4506,3.0416,0.13052
3.0707,3.4241,-0.24305
3.4727,3.0164,0.13489
-3.0126,3.4755,-0.22458
-2.5421,3.8336,0.10528
-2.0021,4.1408,-0.22359
2.1034,4.0898,-0.29052
2.5906,3.8011,0.084287
-1.4509,4.3651,0.1139
-0.84893,4.5205,-0.20084
-0.2361,4.5916,-0.4431
0.35874,4.586,-0.04659
0.9773,4.4936,-0.34521
1.5321,4.3373,0.037305
-2.0947,-4.0886,0.71712
-1.4921,-4.3485,0.47691
-0.93045,-4.4952,0.89896
-0.32527,-4.5835,0.6552
0.2755,-4.5903,0.34683
0.87715,-4.5097,0.7035
1.4737,-4.3561,0.34368
-3.0712,-3.424,0.19834
-2.6428,-3.7593,0.63676
2.0292,-4.1235,0.60087
2.5418,-3.8219,0.92526
3.0199,-3.4657,0.52498
-3.8689,-2.4752,0.77835
-3.517,-2.943,1.0941
3.4455,-3.036,0.81245
3.8071,-2.5783,0.4138
-4.3661,-1.4251,0.78532
-4.1586,-1.961,0.43295
4.1046,-2.0636,0.70802
-4.5205,-0.84002,0.42756
-1.356,-0.86638,0.88765
-0.93322,-1.3039,0.55092
-0.39925,-1.5593,0.90691
0.21442,-1.5907,0.66641
0.80317,-1.3862,0.42661
4.3368,-1.5045,0.9057
4.5042,-0.91271,0.60103
-4.5857,-0.25556,0.78026
-1.576,-0.29532,0.54906
1.2303,-1.0347,0.80861
1.5303,-0.4775,0.51905
4.5818,-0.27708,0.91316
-4.5852,0.34075,0.43196
-1.5602,0.37015,0.55157
1.609,0.057648,0.92798
4.5867,0.29704,0.56427
-4.4982,0.92603,0.79864
-1.3514,0.87454,0.91256
1.1863,1.0926,1.0495
1.4614,0.66283,0.63797
4.5027,0.89227,0.90965
-4.3457,1.5005,0.46606
-0.91574,1.3169,0.59316
0.14957,1.6003,0.79227
0.72382,1.433,0.68999
4.1134,2.0392,0.87176
4.355,1.4699,0.55443
-4.1101,2.0476,0.82998
-3.8166,2.563,0.48285
3.8231,2.5527,0.50549
-3.4527,3.0272,0.83482
3.0395,3.4495,0.46032
3.4438,3.0373,0.83274
-3.0294,3.4583,0.46373
-2.5575,3.8144,0.80181
-2.0297,4.1252,0.46008
2.0568,4.1124,0.40934
2.5472,3.8217,0.78462
-1.4765,4.349,0.78513
-0.87544,4.5131,0.48967
-0.26428,4.5918,0.23086
0.32295,4.5838,0.6399
0.9343,4.5027,0.34676
1.4828,4.3478,0.7343
-2.3231,-3.9483,1.2694
-1.6344,-4.2845,1.1042
-1.1396,-4.4303,1.4687
-0.35384,-4.5646,1.3575
0.26649,-4.5796,1.0384
0.88998,-4.4902,1.3802
1.4756,-4.344,1.0191
-3.1127,-3.3738,0.90671
-2.8443,-3.585,1.4175
2.0284,-4.106,1.314
2.5359,-3.7998,1.6356
3.0152,-3.451,1.214
-3.8019,-2.5421,1.4972
-3.3326,-3.1233,1.6593
3.4369,-3.0166,1.5137
3.8093,-2.5522,1.1198
-4.3391,-1.4472,1.4799
-4.1286,-1.9935,1.1415
4.1059,-2.0202,1.4266
-4.5047,-0.85431,1.1309
-1.3146,-0.96485,1.6113
-0.94731,-1.3117,1.2394
-0.42404,-1.5732,1.5782
0.15115,-1.6151,1.3751
0.73674,-1.4364,1.1072
4.3698,-1.3543,1.46
4.5066,-0.82164,1.2729
-4.5664,-0.26394,1.4837
-1.57,-0.39855,1.2976
1.1602,-1.1403,1.506
1.5091,-0.58158,1.2139
4.5587,-0.29446,1.6384
-4.5724,0.33587,1.1408
-1.6011,0.21322,1.1388
1.6302,-0.040989,1.6132
4.5712,0.30091,1.2681
-4.4799,0.9186,1.5078
-1.4454,0.75086,1.5637
1.197,1.1153,1.7453
1.5081,0.59571,1.3527
4.4793,0.90532,1.5945
-4.3329,1.496,1.172
-1.0165,1.2618,1.3149
-0.47305,1.5416,1.0358
0.69828,1.4629,1.336
4.0857,2.0505,1.5554
4.3346,1.4854,1.2354
-4.092,2.0393,1.5391
-3.8039,2.5566,1.1938
3.7955,2.569,1.1951
-3.4324,3.0195,1.5515
3.0007,3.4657,1.1583
3.4077,3.0487,1.5276
-3.0294,3.4406,1.1567
-2.5503,3.7961,1.504
-2.0454,4.1028,1.1505
2.0039,4.1245,1.108
2.4993,3.8309,1.4799
-1.4943,4.3244,1.4457
-0.89775,4.4951,1.1717
-0.29126,4.581,0.91357
0.27989,4.5703,1.3375
0.88571,4.5008,1.0482
1.4198,4.3498,1.4372
-1.8235,-4.1861,1.6924
-1.338,-4.3452,2.1169
-0.71249,-4.5022,1.8758
-0.17374,-4.5425,2.1316
0.29545,-4.5556,1.7139
0.90434,-4.458,2.0723
1.4787,-4.3192,1.7112
-2.8832,-3.5152,2.1209
-2.3933,-3.8767,1.9247
-1.9215,-4.1053,2.3695
2.0239,-4.0762,2.0287
2.5246,-3.7656,2.3545
3.0057,-3.4253,1.9001
-3.7214,-2.6104,2.1343
-3.3019,-3.1108,2.3038
3.4265,-2.98,2.22
3.7928,-2.5331,1.8153
-4.3082,-1.4463,2.1565
-4.0833,-2.0315,1.8195
4.042,-2.0727,2.1943
-4.4784,-0.86127,1.8252
-1.2668,-1.0761,2.2813
-0.83881,-1.4164,1.9712
-0.08016,-1.6516,2.1193
0.53973,-1.5826,2.4518
0.60503,-1.523,1.8092
4.2712,-1.5812,1.9566
4.4601,-0.90676,2.021
-4.5341,-0.28153,2.1886
-1.5728,-0.49276,2.0128
1.1102,-1.2292,2.1734
1.4918,-0.68676,1.8889
4.5263,-0.29685,2.3113
-4.5481,0.32135,1.8474
-1.6336,0.12952,1.8074
1.6562,-0.13807,2.2773
4.5438,0.31226,1.9559
-4.4515,0.8999,2.2124
-1.1277,1.2006,1.9923
0.96325,1.3562,2.3045
1.5602,0.53122,2.0121
4.4448,0.91424,2.2796
-4.3089,1.4863,1.879
-0.57123,1.5332,1.7475
0.042896,1.625,1.4751
0.54615,1.551,1.9328
4.0504,2.0511,2.238
4.3044,1.4939,1.9169
-4.0615,2.0277,2.2488
-3.7802,2.5446,1.9052
3.7611,2.5747,1.8812
-3.405,3.0006,2.2677
2.9579,3.4695,1.8528
3.3688,3.045,2.2221
-2.9919,3.4404,1.8494
-2.4681,3.8116,2.2243
-2.0428,4.0757,1.8575
1.9442,4.1265,1.7999
2.4481,3.828,2.1675
-1.5187,4.2866,2.0955
-0.92739,4.4639,1.8533
-0.32771,4.5577,1.6054
0.19573,4.5457,2.0501
0.81292,4.4901,1.7634
1.345,4.342,2.137
-1.3718,-4.2928,2.7782
-0.77448,-4.4563,2.5291
-0.20627,-4.4969,2.8491
0.3732,-4.5116,2.4658
0.92501,-4.4091,2.8014
1.4798,-4.2813,2.4182
-2.9289,-3.4166,2.8693
-2.4608,-3.7881,2.6209
-1.9406,-4.0463,3.0384
2.0191,-4.0313,2.7488
2.5205,-3.7084,3.0859
2.9946,-3.3866,2.5677
-3.7891,-2.4363,2.8057
-3.4522,-2.8922,2.8213
3.0255,-3.2995,3.1775
3.7595,-2.5115,2.5582
3.4245,-2.9112,2.9449
-4.2556,-1.467,2.8536
-4.0586,-2.0061,2.4597
3.7367,-2.4488,3.2864
4.0359,-1.9846,2.9071
-4.4366,-0.88125,2.5264
-1.1697,-1.2334,2.8703
-0.66528,-1.5423,2.5743
-0.069308,-1.6947,2.8182
0.58132,-1.6157,3.1003
1.103,-1.2897,2.8325
4.2479,-1.4089,3.1917
4.2834,-1.4513,2.5371
-4.4884,-0.30227,2.8922
-1.57,-0.61808,2.6899
1.4897,-0.77334,2.5552
1.6884,-0.25021,2.9668
4.4265,-0.86313,2.7316
4.4836,-0.26545,2.9884
-4.5116,0.30098,2.5528
-1.518,0.67086,2.2351
-1.6742,0.030622,2.4905
-1.7208,-0.075028,3.1663
1.6454,0.37827,2.7055
4.5048,0.32041,2.6369
-4.411,0.87334,2.9181
-1.5963,0.58956,2.8966
-1.2292,1.153,2.6609
1.3755,0.95326,2.4763
1.4702,0.89344,3.1416
4.3998,0.90972,2.9692
-4.2777,1.4595,2.5812
-0.68411,1.5248,2.4377
-0.066062,1.6559,2.191
0.44334,1.6255,2.6545
0.99532,1.3867,2.9672
4.0094,2.0353,2.9214
4.2651,1.4919,2.6013
-4.0309,1.988,2.9478
-3.7402,2.5331,2.6206
3.7223,2.5655,2.5654
-2.9594,3.4238,2.4888
-3.3481,2.9927,2.9986
-2.8599,3.4568,3.0534
2.9172,3.4555,2.5426
3.3245,3.0275,2.9209
-2.3749,3.8242,2.8493
-1.8446,4.1242,2.6103
1.881,4.1169,2.4783
1.8517,4.0801,3.1282
1.2618,4.3231,2.8241
2.4115,3.8018,2.8431
-1.1108,4.3838,2.5407
-0.61937,4.4502,2.966
-0.43978,4.5146,2.3132
0.087861,4.5077,2.7501
0.72223,4.4679,2.4831
-1.3914,-4.2314,3.4397
-0.80433,-4.4015,3.2045
-0.25931,-4.4351,3.5665
0.34263,-4.4624,3.1909
0.89051,-4.357,3.519
1.4643,-4.2336,3.1396
-2.8104,-3.4308,3.6489
-2.4421,-3.7375,3.3213
-1.9415,-3.9786,3.7294
1.4365,-4.1728,3.8665
1.9777,-3.9893,3.4586
2.4143,-3.7002,3.8176
-3.6503,-2.5448,3.4899
-3.2418,-3.0666,3.3463
2.866,-3.3756,3.7176
3.3476,-2.9014,3.6995
-4.1987,-1.452,3.5672
-4.0078,-1.9891,3.2061
3.7054,-2.3815,3.9478
4.015,-1.8872,3.6334
-4.3818,-0.89661,3.2267
-1.1813,-1.2887,3.4682
-0.634,-1.6133,3.2991
0.0178,-1.7497,3.4859
0.66132,-1.6466,3.7458
1.1414,-1.33,3.5172
4.2222,-1.2841,3.8674
-4.4272,-0.33012,3.6005
-1.5584,-0.75972,3.3032
-1.4756,-1.0325,4.0005
-1.7228,-0.46945,3.8559
1.5035,-0.85186,3.2357
1.7292,-0.35565,3.6527
4.3792,-0.81271,3.4433
4.4272,-0.23389,3.6644
-4.4616,0.27173,3.2593
-1.772,0.12848,3.768
1.7157,0.29962,3.3945
4.4514,0.32778,3.3349
-4.3577,0.83748,3.6226
-1.6274,0.64961,3.5133
-1.2866,1.1622,3.3043
1.5668,0.84964,3.8238
4.2218,1.4607,3.2893
4.3513,0.84329,3.6763
4.1611,1.4463,3.9422
-4.2336,1.426,3.2895
-0.76779,1.536,3.1012
-0.14584,1.6957,2.9002
0.45512,1.6773,3.3515
1.1445,1.3336,3.5676
3.9502,2.0286,3.5883
-3.984,1.9454,3.6619
-3.7188,2.4719,3.3124
3.6684,2.5563,3.243
-3.3868,2.8526,3.719
-2.9668,3.3015,3.6091
2.8844,3.4171,3.2373
3.2676,2.999,3.6454
-2.4305,3.7221,3.5377
-1.8957,4.0425,3.3182
1.254,4.2713,3.4697
1.8509,4.0176,3.7658
2.3964,3.7468,3.5133
-1.32,4.2815,3.1304
-0.80879,4.3639,3.614
-0.1273,4.4576,3.3819
0.21538,4.4087,3.8595
0.61094,4.4325,3.2049
-1.4193,-4.151,4.11
-0.85526,-4.3252,3.9075
-0.37528,-4.35,4.2893
0.27229,-4.4009,3.9038
0.8516,-4.292,4.2086
-2.7713,-3.3675,4.331
-2.3305,-3.7167,4.11
-1.8156,-3.9423,4.4992
1.3895,-4.0972,4.6066
1.9282,-3.928,4.2084
2.4509,-3.5833,4.4914
-3.6072,-2.4824,4.1809
-3.244,-2.9765,3.9669
2.9186,-3.247,4.2915
3.3176,-2.8176,4.4007
-3.9292,-2.0066,3.8788
-3.8385,-1.9969,4.6031
3.6647,-2.3081,4.5719
3.9701,-1.7994,4.3507
-4.3095,-0.91117,3.9464
-4.1094,-1.4809,4.2732
-0.9771,-1.5142,4.0114
-0.80766,-1.6906,4.6067
-0.39084,-1.7572,3.9936
0.29387,-1.7959,4.1695
1.0628,-1.4878,4.2438
4.1845,-1.1738,4.454
-4.3476,-0.36479,4.3172
-1.7323,-0.69671,4.5576
-1.3789,-1.269,4.6094
1.5083,-0.97239,3.9412
1.79,-0.4114,4.3134
4.2065,-0.79537,4.9325
4.3391,-0.58949,4.18
-4.3963,0.23482,3.9677
-1.8481,-0.053467,4.4139
1.7927,0.23096,4.0602
4.3068,-0.20255,4.7169
4.3852,0.20981,4.0803
-4.2875,0.80256,4.3242
-1.7193,0.61599,4.2266
-1.3908,1.1404,3.9787
1.6802,0.79487,4.4921
4.076,1.4339,4.6484
4.2698,0.89279,4.3229
-4.1756,1.3842,4
-0.87869,1.5439,3.7656
-0.45303,1.7715,4.2453
-0.23479,1.7408,3.5593
0.20943,1.7951,4.0591
0.76967,1.6223,3.9515
1.2745,1.3159,4.2742
3.9038,1.9663,4.2481
-3.9292,1.8753,4.3919
-3.6828,2.3936,4.0619
0.069791,1.8836,4.6906
3.602,2.5411,3.9149
3.5753,2.4551,4.5242
3.1901,2.9592,4.412
-3.3236,2.7943,4.4844
-3.0046,3.1774,4.2318
2.8431,3.3635,3.953
-2.5414,3.5658,4.1819
-1.9999,3.9145,4.0303
1.3365,4.1723,4.161
1.8113,3.9506,4.4536
2.3403,3.7001,4.1878
-1.4311,4.1793,3.8249
-0.99922,4.2464,4.3215
-0.36827,4.3717,4.1078
0.21461,4.3295,4.5418
0.75231,4.3437,3.9124
-1.0566,-4.1906,4.6416
-0.44528,-4.2567,4.9394
0.22161,-4.3249,4.5745
0.16153,-4.2339,5.2186
0.82564,-4.2084,4.8801
-2.8179,-3.2198,4.9475
-2.281,-3.6351,4.8604
-1.593,-3.9489,5.0848
-0.98694,-4.0975,5.3532
0.76519,-4.1231,5.4765
1.3901,-3.9776,5.3602
1.9002,-3.8407,4.9045
2.429,-3.4937,5.1037
-3.5058,-2.4678,4.8894
-3.2131,-2.8963,4.6109
2.9214,-3.1205,4.9757
3.3478,-2.6304,5.0882
-3.6474,-2.1158,5.3419
3.7374,-2.0357,5.0991
4.0048,-1.4799,5.0096
-4.2111,-0.95786,4.6649
-3.9871,-1.5301,5.0025
-1.2232,-1.5231,5.1589
-0.61057,-1.8659,5.2203
-0.15767,-1.8728,4.6509
0.58664,-1.795,4.7172
1.5656,-1.023,4.5803
1.1952,-1.4947,4.8967
1.6798,-1.02,5.2321
4.0441,-1.0553,5.5544
-4.2513,-0.37421,5.0214
-1.9212,-0.25029,5.0555
-1.7214,-0.93967,5.2071
1.8726,-0.43325,4.9535
4.1857,-0.36867,5.4279
-4.3125,0.2061,4.6735
-1.8566,0.44589,4.8663
1.8786,0.20988,4.7306
4.2108,0.27023,5.325
4.2957,0.39963,4.6969
-4.1999,0.75461,5.0254
-1.7319,0.95343,5.3037
-1.5436,1.0782,4.676
1.7714,0.831,5.1788
4.1616,0.91193,5.0701
-4.0997,1.3308,4.7262
-4.0033,1.2601,5.4568
-3.8459,1.8119,5.1283
-1.2524,1.4944,5.1359
-1.0667,1.5156,4.45
-0.65369,1.8003,4.9076
0.77016,1.7087,4.6115
1.0673,1.6484,5.2235
1.4061,1.301,4.9099
3.9603,1.4403,5.357
-3.6206,2.321,4.7956
-0.19045,1.9689,5.3105
0.47924,1.9071,5.2393
3.4013,2.5635,5.0777
3.8017,1.9655,4.9413
-3.2059,2.7904,5.1353
-2.7774,3.2757,4.8379
2.6999,3.3717,4.6584
2.9918,3.0175,5.1417
2.4815,3.4068,5.3529
-2.2144,3.6985,4.7231
-1.6178,4.0222,4.5378
-1.761,3.8548,5.2124
-1.1387,4.1168,4.9974
1.417,4.0387,4.9385
2.1417,3.7131,4.8946
-0.47301,4.2776,4.7741
0.025221,4.2375,5.2147
0.69618,4.1935,5.1309
0.86441,4.2452,4.5614
-0.3692,-4.1471,5.6421
-2.6122,-3.2829,5.4657
-2.035,-3.6598,5.5099
-1.4632,-3.8658,5.7985
-0.85183,-3.9864,6.0731
-0.22779,-4.0069,6.3461
0.26025,-4.1035,5.9066
0.97117,-3.9692,6.0276
1.5673,-3.7665,6.0586
1.9875,-3.6715,5.5799
-3.1684,-2.7747,5.3713
-2.851,-2.9315,6.0139
-2.3518,-3.3379,6.042
2.5836,-3.2595,5.6646
3.0475,-2.8325,5.6577
-3.6105,-1.9443,5.9596
-3.2877,-2.462,5.9278
0.081302,-1.966,5.2475
0.26438,-2.067,5.8848
-0.38951,-2.0357,5.8293
0.74092,-1.8416,5.3519
3.4613,-2.296,5.6943
3.7995,-1.6898,5.6696
-4.1125,-0.91632,5.3615
-3.8889,-1.4891,5.6378
-1.5106,-1.385,5.7104
-1.0212,-1.7952,5.7924
1.3317,-1.5135,5.5297
1.4812,-1.5408,6.1353
1.8092,-1.0336,5.884
3.8418,-1.2826,6.1903
-4.1269,-0.33969,5.7607
-2.0034,-0.3862,5.6619
-1.8537,-0.97537,5.9374
1.9802,-0.43692,5.5948
4.0364,-0.59399,6.0575
-4.2041,0.16996,5.3954
-1.9856,0.31877,5.5018
1.9772,0.20561,5.3689
4.1013,0.10651,5.9504
-4.0901,0.69586,5.719
-1.9085,0.87781,5.9666
1.9102,0.79964,5.82
4.0599,0.8206,5.7547
-3.7544,1.7098,5.8389
-3.3885,2.232,6.1581
-1.5139,1.3935,5.7532
-1.244,1.7439,6.1566
-0.87879,1.8274,5.5944
0.97103,1.828,5.8154
1.5229,1.3614,5.6751
3.8021,1.5505,5.934
-3.51,2.2885,5.4951
-0.70825,2.0639,6.3272
-0.3106,2.0639,5.9013
0.32871,2.0539,5.8663
3.2321,2.6012,5.7194
3.6283,2.078,5.5452
-3.0818,2.74,5.8472
-2.7687,3.1419,5.5086
2.2331,3.4357,5.9741
2.7861,3.0412,5.8434
-2.3217,3.5113,5.3844
-1.9525,3.6213,5.8946
-1.3207,3.9422,5.6736
1.2025,4.0026,5.5558
1.6309,3.7339,6.0818
0.99449,3.9312,6.1693
1.8484,3.7681,5.4564
-0.66271,4.1473,5.4393
-0.16197,4.1161,5.8696
0.50266,4.1135,5.7439
-1.8788,-3.569,6.263
-1.2998,-3.7542,6.5062
-0.69891,-3.8296,6.7915
-0.024055,-3.8296,6.9899
0.46641,-3.9415,6.521
1.1233,-3.7702,6.6499
1.7511,-3.5131,6.6802
2.1845,-3.4089,6.1966
-2.9594,-2.6192,6.5844
-2.4284,-3.1018,6.6305
2.3386,-3.0984,6.8275
2.7169,-2.9728,6.2885
3.149,-2.5075,6.2964
-3.7196,-1.4866,6.3773
-3.3645,-2.0902,6.5514
-0.88531,-2.0106,6.3876
-0.64075,-2.2851,6.9983
-1.2616,-1.9882,6.9427
-0.22044,-2.203,6.4554
0.90122,-1.9005,5.9789
0.43516,-2.1861,6.5133
1.0753,-1.9722,6.5782
3.2148,-2.1573,6.8607
3.5393,-1.9301,6.2711
-3.9655,-0.96914,6.0464
-3.4879,-1.5636,7.0117
-1.4903,-1.6007,6.3477
-1.7572,-1.6042,7.0162
-1.9426,-1.1123,6.5492
1.9067,-1.5524,7.2322
1.6218,-1.6094,6.7156
3.5783,-1.5274,6.7986
3.8358,-0.84712,6.6702
-3.975,-0.43519,6.4052
-3.7746,-0.97326,6.7739
-2.1319,-0.46181,6.3243
2.1058,-0.49153,6.2446
1.9551,-1.0918,6.552
2.2779,-0.52262,6.8881
3.9474,-0.16661,6.5886
-4.0479,0.26468,6.1623
-2.1235,0.19712,6.1144
2.1051,0.15839,6.0151
2.2695,0.079698,6.6672
3.9583,0.49141,6.4449
-3.9073,1.0586,6.1989
-3.8504,0.59665,6.7796
-3.7031,1.1224,6.8674
-2.1135,0.75137,6.5661
1.7717,1.2804,6.3433
2.0991,0.71491,6.4693
3.8715,1.0774,6.3247
-3.622,1.6555,6.4694
-1.7364,1.3835,6.4795
-1.2473,1.9324,6.7672
1.3262,1.7367,6.34
1.656,1.6846,6.9656
3.4519,2.1157,6.1971
3.6015,1.6121,6.6069
3.2339,2.1195,6.8766
-2.9196,2.7104,6.4641
-3.2469,2.1464,6.7934
-2.8107,2.5306,7.1255
-0.62641,2.2627,6.9215
0.0048533,2.225,6.498
0.70677,2.0875,6.4156
1.1313,2.0721,6.9614
3.0408,2.6068,6.3791
-2.5043,3.2049,6.1147
-2.4412,3.0179,6.8283
-1.9961,3.4147,6.5723
1.9878,3.4082,6.6083
2.5541,3.048,6.4919
-1.4509,3.7481,6.3226
-0.8099,3.9878,6.1059
-0.94437,3.7891,6.7507
-0.28054,3.9543,6.5388
-0.40798,3.764,7.1146
0.30576,3.9926,6.3831
0.22537,3.7794,7.1142
0.75692,3.8249,6.7707
1.3838,3.6635,6.7126
-1.794,-3.4169,6.8998
-1.2096,-3.5628,7.1777
-0.50104,-3.6233,7.4268
0.12991,-3.5491,7.6301
0.62956,-3.7182,7.1549
0.86265,-3.405,7.6931
1.3121,-3.5023,7.2355
-2.6747,-2.6447,7.1805
-2.1588,-3.0554,7.2329
-1.6318,-3.1624,7.618
1.5863,-3.0941,7.7448
1.9266,-3.1943,7.2598
2.3167,-2.7537,7.5456
2.778,-2.6549,6.9509
-3.1139,-2.1335,7.1454
-2.7621,-2.16,7.7024
-1.1598,-2.3221,7.5342
-0.57112,-2.5648,7.593
0.041565,-2.4043,7.0885
0.74913,-2.2879,7.0962
1.37,-2.0218,7.1899
1.2521,-2.3731,7.6853
1.8477,-1.9609,7.7028
2.8223,-2.2672,7.5043
3.2431,-1.7581,7.3579
-3.4983,-1.0241,7.4536
-3.1805,-1.5962,7.6182
-2.1659,-1.1231,7.1835
-1.695,-1.9951,7.5757
2.1998,-1.0521,7.18
2.3446,-1.4073,7.7607
2.5305,-0.69382,7.5865
3.2633,-1.272,7.7086
3.5849,-1.0475,7.2486
-3.7432,-0.46458,7.1528
-3.4648,-0.3774,7.734
-2.2867,-0.5794,6.9558
-2.527,-0.839,7.6529
-2.5221,-0.17319,7.3955
2.5039,-0.088369,7.3447
3.4132,-0.57091,7.7677
3.7399,-0.38155,7.1861
-3.8929,0.013284,6.7913
-3.6652,0.21557,7.397
-2.2952,0.076381,6.7554
-2.6845,0.35636,7.7234
2.3382,0.57774,7.0992
3.7838,0.33161,7.0805
-3.5339,0.84394,7.4778
-2.3751,0.55111,7.1793
-2.0792,1.1957,7.0712
2.0533,1.1931,7.003
2.39,1.0805,7.5848
3.7119,0.98095,6.961
3.491,0.82386,7.5677
3.1623,1.4519,7.7417
-3.4381,1.5548,7.1492
-2.0979,1.6255,7.6383
-1.6736,1.7441,7.123
1.5037,2.1185,7.5386
2.016,1.6763,7.5829
3.4195,1.5259,7.2241
-3.0707,1.9703,7.4465
-2.6564,2.2171,7.768
-1.5995,2.1386,7.6658
-1.0854,2.2652,7.3594
-0.098131,2.4229,7.1441
0.5174,2.3228,7.0173
0.91073,2.4475,7.564
2.7955,2.605,7.0153
2.9707,2.0692,7.5039
2.4729,2.5867,7.583
-2.3346,2.7516,7.527
-1.9438,3.1705,7.2876
2.2552,3.0411,7.1144
1.897,2.9481,7.7037
1.6436,3.3591,7.2366
-1.4753,3.5246,7.0159
-0.91741,3.5312,7.4468
-0.23355,3.5242,7.6628
0.45106,3.4805,7.6973
0.95597,3.5883,7.3007
-0.96569,-3.3454,7.7382
-0.36538,-3.1429,7.9934
0.36873,-3.0924,8
-2.2314,-2.6793,7.7313
-1.665,-2.5799,7.9988
-1.0652,-2.8512,7.9951
-0.0026414,-2.6798,7.6801
0.6051,-2.5668,7.6098
1.0661,-2.8957,8
1.7969,-2.5759,7.9975
-2.6866,-1.508,7.9997
-2.227,-2.1021,7.9981
2.3403,-2.158,7.9886
2.7933,-1.7014,7.9509
-3.0648,-0.9518,7.9803
-2.1766,-1.5248,7.6444
2.8939,-0.97516,7.997
-2.9293,-0.29316,7.959
2.9232,-0.24179,7.9521
3.5517,0.090933,7.6279
-3.2728,0.29675,7.9411
2.6394,0.42489,7.6705
3.158,0.32865,7.9912
-2.9858,0.88771,7.9999
-2.4487,1.0403,7.6492
2.9491,0.9308,8.0002
-3.2007,1.3768,7.7348
-2.6603,1.5966,8.0003
2.4675,2.0701,7.9754
2.6162,1.5448,7.9938
-2.1498,2.1927,7.999
-1.8051,2.746,7.9407
-1.1716,2.6686,7.9411
-0.51094,2.5972,7.6268
0.25187,2.6365,7.6293
1.3693,2.7003,7.9917
1.9372,2.3376,7.9933
-1.4091,3.2233,7.6854
-0.72892,3.1207,7.9819
-0.044733,3.0566,7.9973
0.69227,2.9846,7.9981
1.213,3.25,7.7564
